field,name
_id1,_id
OBJECTI2,OBJECTID
PXNUM3,PXNUM
OBJECT_4,OBJECT_CLASS
MAIN_ST5,MAIN_STREET
MIDBLOC6,MIDBLOCK_ROUTE
SIDE1_S7,SIDE1_STREET
SIDE2_S8,SIDE2_STREET
PRIVATE9,PRIVATE_ACCESS
ADDITIO10,ADDITIONAL_INFO
GEO_ID11,GEO_ID
NODE_ID12,NODE_ID
ACTIVAT13,ACTIVATION_DATE
REMOVAL14,REMOVAL_DATE
DISTRIC15,DISTRICT
WARD_116,WARD_1
WARD_217,WARD_2
WARD_318,WARD_3
WARD_419,WARD_4
WARD_1_20,WARD_1_COUNSELLOR
WARD_2_21,WARD_2_COUNSELLOR
WARD_3_22,WARD_3_COUNSELLOR
WARD_4_23,WARD_4_COUNSELLOR
COUNCIL24,COUNCIL_ID
NAME25,NAME
WARDS26,WARDS
WARD_CO27,WARD_COUNSELLORS
